word	female	male	total	skewness	pct_f	pct_m	chi2	p	pmi_f	pmi_m
braço	0	2	2	-1.0	0.0	0.002936857562408223	0.0	1.0	-inf	0.30445100224307287
face	0	2	2	-1.0	0.0	0.002936857562408223	0.0	1.0	-inf	0.30445100224307287
mão	0	1	1	0.0	0.0	0.0	0.0	0.0	-inf	0.30445100224307287
